DROP DATABASE IF EXISTS car_ams;
CREATE DATABASE car_ams CHARSET UTF8;
Use car_ams;
DROP TABLE IF EXISTS ams_admin;
CREATE TABLE ams_admin
(
    id             bigint(20) unsigned NOT NULL AUTO_INCREMENT COMMENT '数据id',
    username       varchar(50)         DEFAULT NULL COMMENT '用户名',
    password       char(64)            DEFAULT NULL COMMENT '密码（密文）',
    nickname       varchar(50)         DEFAULT NULL COMMENT '昵称',
    avatar         varchar(255)        DEFAULT NULL COMMENT '头像URL',
    phone          varchar(50)         DEFAULT NULL COMMENT '手机号码',
    email          varchar(50)         DEFAULT NULL COMMENT '电子邮箱',
    description    varchar(255)        DEFAULT NULL COMMENT '简介',
    enable         tinyint(3) unsigned DEFAULT '0' COMMENT '是否启用，1=启用，0=未启用',
    last_login_ip  varchar(50)         DEFAULT NULL COMMENT '最后登录IP地址（冗余）',
    login_count    int(10) unsigned    DEFAULT '0' COMMENT '累计登录次数（冗余）',
    gmt_last_login datetime            DEFAULT NULL COMMENT '最后登录时间（冗余）',
    gmt_create     datetime            DEFAULT NULL COMMENT '数据创建时间',
    gmt_modified   datetime            DEFAULT NULL COMMENT '数据最后修改时间',
    PRIMARY KEY (id)
) DEFAULT CHARSET = utf8mb4 COMMENT ='管理员';

DROP TABLE IF EXISTS ams_admin_role;
CREATE TABLE ams_admin_role
(
    id           bigint(20) unsigned NOT NULL AUTO_INCREMENT COMMENT '数据id',
    admin_id     bigint(20) unsigned DEFAULT NULL COMMENT '管理员id',
    role_id      bigint(20) unsigned DEFAULT NULL COMMENT '角色id',
    gmt_create   datetime            DEFAULT NULL COMMENT '数据创建时间',
    gmt_modified datetime            DEFAULT NULL COMMENT '数据最后修改时间',
    PRIMARY KEY (id)
) DEFAULT CHARSET = utf8mb4 COMMENT ='管理员角色关联';

DROP TABLE IF EXISTS ams_role;
CREATE TABLE ams_role
(
    id           bigint(20) unsigned NOT NULL AUTO_INCREMENT COMMENT '数据id',
    name         varchar(50)         DEFAULT NULL COMMENT '名称',
    description  varchar(255)        DEFAULT NULL COMMENT '简介',
    sort         tinyint(3) unsigned DEFAULT '0' COMMENT '排序序号',
    gmt_create   datetime            DEFAULT NULL COMMENT '数据创建时间',
    gmt_modified datetime            DEFAULT NULL COMMENT '数据最后修改时间',
    PRIMARY KEY (id)
) DEFAULT CHARSET = utf8mb4 COMMENT ='角色';



DROP TABLE IF EXISTS ams_login_log;
CREATE TABLE ams_login_log
(
    id           bigint(20) unsigned NOT NULL AUTO_INCREMENT COMMENT '数据id',
    admin_id     bigint(20) unsigned DEFAULT NULL COMMENT '管理员id',
    username     varchar(50)         DEFAULT NULL COMMENT '管理员用户名（冗余）',
    nickname     varchar(50)         DEFAULT NULL COMMENT '管理员昵称（冗余）',
    ip           varchar(50)         DEFAULT NULL COMMENT '登录IP地址',
    user_agent   varchar(255)        DEFAULT NULL COMMENT '浏览器内核',
    gmt_login    datetime            DEFAULT NULL COMMENT '登录时间',
    gmt_create   datetime            DEFAULT NULL COMMENT '数据创建时间',
    gmt_modified datetime            DEFAULT NULL COMMENT '数据最后修改时间',
    PRIMARY KEY (id)
) DEFAULT CHARSET = utf8mb4 COMMENT ='管理员登录日志';

DROP TABLE IF EXISTS ams_role_permission;
CREATE TABLE ams_role_permission
(
    id            bigint(20) unsigned NOT NULL AUTO_INCREMENT COMMENT '数据id',
    role_id       bigint(20) unsigned DEFAULT NULL COMMENT '角色id',
    permission_id bigint(20) unsigned DEFAULT NULL COMMENT '权限id',
    gmt_create    datetime            DEFAULT NULL COMMENT '数据创建时间',
    gmt_modified  datetime            DEFAULT NULL COMMENT '数据最后修改时间',
    PRIMARY KEY (id)
) DEFAULT CHARSET = utf8mb4 COMMENT ='角色权限关联';

DROP TABLE IF EXISTS ams_permission;
CREATE TABLE ams_permission
(
    id           bigint(20) unsigned NOT NULL AUTO_INCREMENT COMMENT '数据id',
    name         varchar(50)         DEFAULT NULL COMMENT '名称',
    value        varchar(255)        DEFAULT NULL COMMENT '值',
    description  varchar(255)        DEFAULT NULL COMMENT '简介',
    sort         tinyint(3) unsigned DEFAULT '0' COMMENT '排序序号',
    gmt_create   datetime            DEFAULT NULL COMMENT '数据创建时间',
    gmt_modified datetime            DEFAULT NULL COMMENT '数据最后修改时间',
    PRIMARY KEY (id)
) DEFAULT CHARSET = utf8mb4 COMMENT ='权限';


INSERT INTO ams_admin
VALUES (1, 'root', '$2a$10$N.ZOn9G6/YLFixAOPMg/h.z7pCu6v2XyFDtC4q.jeeGm/TEZyj15C', '系统管理员',
        'https://img1.baidu.com/it/u=172033757,2398290767&fm=253&fmt=auto&app=138&f=JPEG?w=500&h=500', '13900139001',
        'root@baidu.com', '最高权限的管理员', 1, NULL, 0, NULL, '2022-07-08 11:30:44', '2022-07-08 11:30:44'),
       (2, 'super_admin', '$2a$10$N.ZOn9G6/YLFixAOPMg/h.z7pCu6v2XyFDtC4q.jeeGm/TEZyj15C', '超级管理员',
        'http://t14.baidu.com/it/u=2403578171,523646825&fm=224&app=112&f=JPEG?w=500&h=500', '13900139002',
        'super_admin@baidu.cn', '超级管理员，通常具有除了【管理管理员】以外的全部权限', 1, NULL, 0, NULL, '2022-07-08 11:30:44',
        '2022-07-08 11:30:44'),
       (3, 'maguoqing', '$2a$10$N.ZOn9G6/YLFixAOPMg/h.z7pCu6v2XyFDtC4q.jeeGm/TEZyj15C', '国庆老师',
        'https://img2.baidu.com/it/u=1061003185,984761738&fm=253&fmt=auto&app=138&f=JPEG?w=500&h=500', '13900139003',
        'qilei@baidu.cn', '国庆老师的账号', 1, NULL, 0, NULL, '2022-07-08 11:30:44', '2022-07-08 11:30:44'),
       (4, 'zhaochagnqin', '$2a$10$N.ZOn9G6/YLFixAOPMg/h.z7pCu6v2XyFDtC4q.jeeGm/TEZyj15C', '常勤老师',
        'https://tupian.qqw21.com/article/UploadPic/2021-7/20217821572211826.jpeg', '13900139004', 'wangkejing@baidu.com',
        '赵常勤老师的账号', 1, NULL, 0, NULL, '2022-07-08 11:30:44', '2022-07-08 11:30:44'),
       (5, 'guofuqiaing', '$2a$10$N.ZOn9G6/YLFixAOPMg/h.z7pCu6v2XyFDtC4q.jeeGm/TEZyj15C', '富强老师',
        'https://img2.woyaogexing.com/2018/12/29/78d4b8ed88129d81%21400x400_big.jpg', '13900139005',
        'fanchuanqi@baidu.com', '富强老师的账号', 1, NULL, 0, NULL, '2022-07-08 11:30:44', '2022-07-08 11:30:44'),
       (6, 'yuqianjie', '$2a$10$N.ZOn9G6/YLFixAOPMg/h.z7pCu6v2XyFDtC4q.jeeGm/TEZyj15C', '倩杰老师',
        'https://inews.gtimg.com/newsapp_bt/0/12844581467/1000', '13900139006',
        'liuguobin@baidu.com', '倩杰老师的账号', 1, NULL, 0, NULL, '2022-07-08 11:30:44', '2022-07-08 11:30:44')
;
INSERT INTO ams_role
VALUES (1, '系统管理员', '最高权限的管理员角色，应该关联所有权限', 255, '2022-07-08 11:30:44', '2022-07-08 11:30:44'),
       (2, '超级管理员', '除了系统管理员以外的最高权限的管理员角色，应该关联除了【管理员管理】以外的所有权限', 255, '2022-07-08 11:30:44', '2022-07-08 11:30:44'),
       (3, '商品管理员', '负责商品管理的管理员角色，应该关联与商口相关的所有权限', 99, '2022-07-08 11:30:44', '2022-07-08 11:30:44'),
       (4, '品牌管理员', '负责管理品牌的管理员角色，应该关联品牌管理的相关权限', 0, '2022-07-08 11:30:44', '2022-07-08 11:30:44'),
       (5, '分类管理员', '负责管理类别的管理员角色，应该关联类别管理的相关权限', 0, '2022-07-08 11:30:44', '2022-07-08 11:30:44'),
       (6, '相册管理员', '负责管理图片、相册的管理员角色，应该关联图片管理、相册管理的相关权限', 0, '2022-07-08 11:30:44', '2022-07-08 11:30:44');

INSERT INTO ams_admin_role
VALUES (1, 1, 1, '2022-07-08 11:30:44', '2022-07-08 11:30:44'),
       (2, 2, 2, '2022-07-08 11:30:44', '2022-07-08 11:30:44'),
       (3, 3, 3, '2022-07-08 11:30:44', '2022-07-08 11:30:44'),
       (4, 4, 4, '2022-07-08 11:30:44', '2022-07-08 11:30:44'),
       (5, 4, 5, '2022-07-08 11:30:44', '2022-07-08 11:30:44'),
       (6, 5, 6, '2022-07-08 11:30:44', '2022-07-08 11:30:44');

INSERT INTO ams_permission
VALUES (1, '后台管理-管理员-读取', '/ams/admin/read', '读取管理员信息，含查看列表、查看详情，及其它查询操作', 255, '2022-07-08 11:30:44',
        '2022-07-08 11:30:44'),
       (2, '后台管理-管理员-添加', '/ams/admin/add-new', '添加管理员', 254, '2022-07-08 11:30:44', '2022-07-08 11:30:44'),
       (3, '后台管理-管理员-删除', '/ams/admin/delete', '删除管理员', 253, '2022-07-08 11:30:44', '2022-07-08 11:30:44'),
       (4, '后台管理-管理员-修改', '/ams/admin/update', '修改管理员信息，含修改密码、启用、禁用、修改基本资料，及其它修改操作', 252, '2022-07-08 11:30:44',
        '2022-07-08 11:30:44'),
       (5, '后台管理-商品-读取', '/pms/product/read', '读取商品信息，含商品相关的所有数据的读取操作，查看列表、查看详情，及其它查询操作', 99, '2022-07-08 11:30:44',
        '2022-07-08 11:30:44'),
       (6, '后台管理-商品-添加', '/pms/product/add-new', '添加商品，含商品相关的所有数据的添加操作', 98, '2022-07-08 11:30:44',
        '2022-07-08 11:30:44'),
       (7, '后台管理-商品-删除', '/pms/product/delete', '删除商品，含商品相关的所有数据的删除操作', 97, '2022-07-08 11:30:44',
        '2022-07-08 11:30:44'),
       (8, '后台管理-商品-修改', '/pms/product/update', '修改商品信息，含商品相关的所有数据的修改操作，含所有修改操作', 96, '2022-07-08 11:30:44',
        '2022-07-08 11:30:44'),
       (9, '后台管理-品牌-读取', '/pms/brand/read', '读取品牌信息，含查看列表、查看详情，及其它查询操作', 0, '2022-07-08 11:30:44',
        '2022-07-08 11:30:44'),
       (10, '后台管理-品牌-添加', '/pms/brand/add-new', '添加品牌', 0, '2022-07-08 11:30:44', '2022-07-08 11:30:44'),
       (11, '后台管理-品牌-删除', '/pms/brand/delete', '删除品牌', 0, '2022-07-08 11:30:44', '2022-07-08 11:30:44'),
       (12, '后台管理-品牌-修改', '/pms/brand/update', '修改品牌信息，含修改基本资料、启用、禁用，及其它修改操作', 0, '2022-07-08 11:30:44',
        '2022-07-08 11:30:44'),
       (13, '后台管理-类别-读取', '/pms/category/read', '读取类别信息，含查看列表、查看详情，及其它查询操作', 0, '2022-07-08 11:30:44',
        '2022-07-08 11:30:44'),
       (14, '后台管理-类别-添加', '/pms/category/add-new', '添加类别', 0, '2022-07-08 11:30:44', '2022-07-08 11:30:44'),
       (15, '后台管理-类别-删除', '/pms/category/delete', '删除类别', 0, '2022-07-08 11:30:44', '2022-07-08 11:30:44'),
       (16, '后台管理-类别-修改', '/pms/category/update', '修改类别信息，含修改基本资料、启用、禁用，及其它修改操作', 0, '2022-07-08 11:30:44',
        '2022-07-08 11:30:44'),
       (17, '后台管理-图片-读取', '/pms/picture/read', '读取图片信息，含查看列表、查看详情，及其它查询操作', 0, '2022-07-08 11:30:44',
        '2022-07-08 11:30:44'),
       (18, '后台管理-图片-添加', '/pms/picture/add-new', '添加图片', 0, '2022-07-08 11:30:44', '2022-07-08 11:30:44'),
       (19, '后台管理-图片-删除', '/pms/picture/delete', '删除图片', 0, '2022-07-08 11:30:44', '2022-07-08 11:30:44'),
       (20, '后台管理-图片-修改', '/pms/picture/update', '修改图片信息，含所有修改操作', 0, '2022-07-08 11:30:44', '2022-07-08 11:30:44'),
       (21, '后台管理-相册-读取', '/pms/album/read', '读取相册信息，含查看列表、查看详情，及其它查询操作', 0, '2022-07-08 11:30:44',
        '2022-07-08 11:30:44'),
       (22, '后台管理-相册-添加', '/pms/album/add-new', '添加相册', 0, '2022-07-08 11:30:44', '2022-07-08 11:30:44'),
       (23, '后台管理-相册-删除', '/pms/album/delete', '删除相册', 0, '2022-07-08 11:30:44', '2022-07-08 11:30:44'),
       (24, '后台管理-相册-修改', '/pms/album/update', '修改相册信息，含所有修改操作', 0, '2022-07-08 11:30:44', '2022-07-08 11:30:44');


INSERT INTO ams_role_permission
VALUES (1, 1, 1, '2022-07-08 11:30:44', '2022-07-08 11:30:44'),
       (2, 1, 2, '2022-07-08 11:30:44', '2022-07-08 11:30:44'),
       (3, 1, 3, '2022-07-08 11:30:44', '2022-07-08 11:30:44'),
       (4, 1, 4, '2022-07-08 11:30:44', '2022-07-08 11:30:44'),
       (5, 1, 5, '2022-07-08 11:30:44', '2022-07-08 11:30:44'),
       (6, 1, 6, '2022-07-08 11:30:44', '2022-07-08 11:30:44');


